{"stats":{"minecraft:used":{"minecraft:birch_fence":134,"minecraft:oak_log":12,"minecraft:glass":51,"minecraft:dark_oak_planks":218,"minecraft:dark_oak_stairs":416,"minecraft:water_bucket":49,"minecraft:end_rod":10,"minecraft:sea_lantern":41,"minecraft:bricks":133,"minecraft:stripped_dark_oak_wood":1,"minecraft:brick_wall":9,"minecraft:spruce_door":2,"minecraft:dark_oak_log":97,"minecraft:birch_slab":271,"minecraft:birch_planks":214,"minecraft:lantern":18,"minecraft:oak_stairs":6,"minecraft:oak_planks":45,"minecraft:ladder":5,"minecraft:polished_blackstone_brick_wall":2,"minecraft:spruce_planks":1037,"minecraft:dark_oak_leaves":12,"minecraft:dark_oak_slab":483,"minecraft:spruce_trapdoor":1,"minecraft:hopper_minecart":15,"minecraft:spruce_fence_gate":4,"minecraft:stone_bricks":8,"minecraft:oak_leaves":78,"minecraft:torch":2,"minecraft:dark_oak_trapdoor":22,"minecraft:redstone_lamp":8,"minecraft:dirt":6,"minecraft:rail":15,"minecraft:stripped_dark_oak_log":3,"minecraft:nether_bricks":1,"minecraft:dark_oak_fence":236,"minecraft:spruce_stairs":10,"minecraft:polished_diorite_stairs":6,"minecraft:sponge":70,"minecraft:stone_brick_wall":3,"minecraft:coarse_dirt":17,"minecraft:spruce_fence":124,"minecraft:mossy_stone_brick_wall":148,"minecraft:spruce_log":50,"minecraft:dark_oak_door":5,"minecraft:birch_stairs":30,"minecraft:polished_diorite":48},"minecraft:picked_up":{"minecraft:spruce_door":1,"minecraft:lantern":60,"minecraft:wheat_seeds":1,"minecraft:oak_sapling":1,"minecraft:dark_oak_door":4},"minecraft:custom":{"minecraft:time_since_rest":356587,"minecraft:sprint_one_cm":88530,"minecraft:walk_one_cm":103210,"minecraft:swim_one_cm":9803,"minecraft:fly_one_cm":5763571,"minecraft:crouch_one_cm":851,"minecraft:play_one_minute":356587,"minecraft:sneak_time":22867,"minecraft:walk_under_water_one_cm":380872,"minecraft:jump":281,"minecraft:leave_game":7,"minecraft:time_since_death":356587,"minecraft:walk_on_water_one_cm":34863,"minecraft:climb_one_cm":3735}},"DataVersion":2584}