{"stats":{"minecraft:custom":{"minecraft:mob_kills":2,"minecraft:play_one_minute":932818,"minecraft:leave_game":18,"minecraft:time_since_death":932818,"minecraft:climb_one_cm":24732,"minecraft:time_since_rest":932818,"minecraft:sprint_one_cm":443523,"minecraft:walk_one_cm":418798,"minecraft:drop":1,"minecraft:damage_dealt":170,"minecraft:swim_one_cm":23283,"minecraft:fly_one_cm":16239236,"minecraft:crouch_one_cm":2118,"minecraft:sneak_time":63406,"minecraft:walk_under_water_one_cm":414237,"minecraft:jump":959,"minecraft:walk_on_water_one_cm":49446},"minecraft:dropped":{"minecraft:wooden_axe":1},"minecraft:used":{"minecraft:oak_fence":36,"minecraft:oak_trapdoor":2,"minecraft:petrified_oak_slab":518,"minecraft:dark_oak_stairs":416,"minecraft:water_bucket":49,"minecraft:netherite_sword":1,"minecraft:end_rod":113,"minecraft:nether_brick_wall":6,"minecraft:spruce_door":4,"minecraft:brick_wall":9,"minecraft:snow_block":39,"minecraft:smooth_quartz_slab":28,"minecraft:birch_planks":220,"minecraft:spruce_slab":56,"minecraft:ladder":117,"minecraft:oak_planks":153,"minecraft:spruce_planks":1098,"minecraft:quartz_stairs":53,"minecraft:spruce_fence_gate":7,"minecraft:smooth_quartz_stairs":1,"minecraft:oak_leaves":78,"minecraft:torch":2,"minecraft:dark_oak_trapdoor":24,"minecraft:dirt":6,"minecraft:rail":52,"minecraft:stripped_dark_oak_log":3,"minecraft:vine":1232,"minecraft:oak_slab":419,"minecraft:nether_bricks":11,"minecraft:jungle_planks":1,"minecraft:spruce_stairs":10,"minecraft:blue_ice":113,"minecraft:nether_brick_slab":19,"minecraft:sponge":70,"minecraft:dark_oak_fence_gate":52,"minecraft:stone_brick_wall":3,"minecraft:spruce_fence":129,"minecraft:spruce_log":191,"minecraft:nether_brick_stairs":115,"minecraft:dark_oak_door":5,"minecraft:oak_fence_gate":5,"minecraft:nether_gold_ore":26,"minecraft:polished_diorite":48,"minecraft:birch_fence":185,"minecraft:oak_log":553,"minecraft:glass":51,"minecraft:dark_oak_planks":292,"minecraft:packed_ice":367,"minecraft:sea_lantern":71,"minecraft:bricks":133,"minecraft:stripped_dark_oak_wood":1,"minecraft:quartz_pillar":783,"minecraft:birch_fence_gate":4,"minecraft:dark_oak_log":97,"minecraft:jungle_fence_gate":3,"minecraft:quartz_slab":369,"minecraft:birch_slab":492,"minecraft:lantern":90,"minecraft:grass_block":41,"minecraft:oak_stairs":6,"minecraft:polished_blackstone_brick_wall":2,"minecraft:dark_oak_leaves":12,"minecraft:dark_oak_slab":483,"minecraft:spruce_trapdoor":1,"minecraft:hopper_minecart":50,"minecraft:barrel":5,"minecraft:stone_bricks":8,"minecraft:redstone_lamp":8,"minecraft:hay_block":9,"minecraft:white_banner":2,"minecraft:oak_sapling":11,"minecraft:dark_oak_fence":354,"minecraft:polished_diorite_stairs":6,"minecraft:glass_pane":12,"minecraft:stripped_oak_log":23,"minecraft:acacia_planks":1,"minecraft:coarse_dirt":17,"minecraft:mossy_stone_brick_wall":148,"minecraft:bone_meal":43,"minecraft:birch_stairs":36},"minecraft:picked_up":{"minecraft:wooden_axe":1,"minecraft:lantern":140,"minecraft:wheat_seeds":1,"minecraft:dark_oak_door":4,"minecraft:stick":1,"minecraft:porkchop":1,"minecraft:spruce_door":1,"minecraft:oak_sapling":7,"minecraft:mutton":2,"minecraft:white_wool":1},"minecraft:killed":{"minecraft:pig":1,"minecraft:sheep":1}},"DataVersion":2584}