{"stats":{"minecraft:picked_up":{"minecraft:repeater":3,"minecraft:lantern":1,"minecraft:smooth_stone":2,"minecraft:redstone_torch":4,"minecraft:tall_grass":1,"minecraft:stick":1,"minecraft:redstone":2,"minecraft:cactus":2,"minecraft:oak_sapling":4,"minecraft:iron_bars":1},"minecraft:used":{"minecraft:turtle_spawn_egg":8,"minecraft:diorite_stairs":66,"minecraft:water_bucket":3,"minecraft:mossy_stone_bricks":40,"minecraft:trident":1,"minecraft:diorite":180,"minecraft:iron_bars":72,"minecraft:polished_granite_stairs":1,"minecraft:cobblestone_stairs":80,"minecraft:granite_stairs":148,"minecraft:brick_wall":3,"minecraft:dead_bush":8,"minecraft:redstone":13,"minecraft:dark_oak_sign":2,"minecraft:oak_planks":53,"minecraft:bone_block":585,"minecraft:ladder":31,"minecraft:chest":26,"minecraft:stone":325,"minecraft:cauldron":1,"minecraft:cracked_stone_bricks":59,"minecraft:mossy_cobblestone":107,"minecraft:dirt":5,"minecraft:sand":475,"minecraft:anvil":1,"minecraft:comparator":4,"minecraft:vine":31,"minecraft:tnt":1,"minecraft:oak_slab":24,"minecraft:red_bed":1,"minecraft:brick_slab":23,"minecraft:nether_bricks":2,"minecraft:stone_brick_wall":34,"minecraft:infested_stone_bricks":42,"minecraft:granite":188,"minecraft:end_stone":2,"minecraft:fern":1,"minecraft:redstone_torch":18,"minecraft:oak_log":30,"minecraft:lever":4,"minecraft:flower_pot":3,"minecraft:firework_rocket":2,"minecraft:bricks":966,"minecraft:lantern":12,"minecraft:grass_block":7,"minecraft:oak_stairs":142,"minecraft:brick_stairs":421,"minecraft:string":10,"minecraft:polished_granite":8,"minecraft:spruce_trapdoor":2,"minecraft:gravel":233,"minecraft:stone_brick_stairs":84,"minecraft:stone_bricks":23,"minecraft:item_frame":1,"minecraft:granite_slab":26,"minecraft:chiseled_stone_bricks":9,"minecraft:repeater":24,"minecraft:redstone_lamp":24,"minecraft:cobblestone":669,"minecraft:tall_grass":19,"minecraft:oak_sapling":11,"minecraft:andesite":312,"minecraft:glass_pane":160,"minecraft:smooth_stone_slab":73,"minecraft:horn_coral_block":5,"minecraft:stripped_oak_log":33,"minecraft:coarse_dirt":83,"minecraft:observer":3,"minecraft:turtle_egg":1,"minecraft:smooth_stone":82,"minecraft:large_fern":34,"minecraft:diorite_slab":28},"minecraft:custom":{"minecraft:interact_with_anvil":3,"minecraft:play_one_minute":242007,"minecraft:pot_flower":1,"minecraft:leave_game":7,"minecraft:time_since_death":242007,"minecraft:climb_one_cm":10562,"minecraft:time_since_rest":242007,"minecraft:sprint_one_cm":50519,"minecraft:walk_one_cm":344027,"minecraft:drop":19,"minecraft:swim_one_cm":15131,"minecraft:fly_one_cm":2251148,"minecraft:open_chest":5,"minecraft:crouch_one_cm":6606,"minecraft:sneak_time":7135,"minecraft:walk_under_water_one_cm":257068,"minecraft:aviate_one_cm":1743992,"minecraft:jump":250,"minecraft:walk_on_water_one_cm":15792},"minecraft:dropped":{"minecraft:bricks":1,"minecraft:anvil":1,"minecraft:oak_log":1,"minecraft:smooth_stone_slab":1,"minecraft:tall_grass":1,"minecraft:turtle_spawn_egg":1,"minecraft:cobblestone":1,"minecraft:granite":1,"minecraft:stripped_oak_log":1,"minecraft:cracked_stone_bricks":1,"minecraft:stick":1,"minecraft:chiseled_stone_bricks":1,"minecraft:flower_pot":1,"minecraft:brick_stairs":1,"minecraft:oak_sapling":4,"minecraft:dead_bush":1,"minecraft:granite_slab":1,"minecraft:granite_stairs":1,"minecraft:polished_granite":1}},"DataVersion":2230}