{"stats":{"minecraft:mined":{"minecraft:wall_torch":1},"minecraft:killed":{"minecraft:horse":6},"minecraft:picked_up":{"minecraft:stripped_oak_log":1,"minecraft:cooked_beef":5,"minecraft:iron_chestplate":7,"minecraft:redstone_block":1,"minecraft:splash_potion":1,"minecraft:repeater":3,"minecraft:water_bucket":1,"minecraft:leather":18,"minecraft:diamond_sword":11,"minecraft:diamond_horse_armor":4,"minecraft:bedrock":1,"minecraft:oak_log":1,"minecraft:lantern":1,"minecraft:iron_leggings":11,"minecraft:snow":1,"minecraft:white_carpet":84,"minecraft:iron_shovel":16,"minecraft:red_carpet":2,"minecraft:oak_sign":3,"minecraft:stone_bricks":1,"minecraft:diamond_leggings":12,"minecraft:cracked_stone_bricks":1,"minecraft:wheat_seeds":2,"minecraft:iron_ingot":249,"minecraft:iron_pickaxe":12,"minecraft:diamond_helmet":17,"minecraft:powered_rail":3,"minecraft:chest":1,"minecraft:oak_planks":2,"minecraft:iron_sword":7,"minecraft:iron_boots":7,"minecraft:tipped_arrow":3,"minecraft:oak_slab":1,"minecraft:chain_command_block":1,"minecraft:milk_bucket":1,"minecraft:stone":1,"minecraft:torch":62,"minecraft:stone_button":5,"minecraft:grass_block":1,"minecraft:redstone":3,"minecraft:iron_horse_armor":4,"minecraft:stone_pressure_plate":1,"minecraft:diamond_shovel":20,"minecraft:repeating_command_block":3,"minecraft:command_block":3,"minecraft:diamond_chestplate":14,"minecraft:diamond":175,"minecraft:beetroot_seeds":119,"minecraft:diamond_boots":15,"minecraft:iron_helmet":17,"minecraft:gold_ingot":285,"minecraft:saddle":13,"minecraft:golden_horse_armor":4,"minecraft:emerald":35,"minecraft:diamond_pickaxe":9,"minecraft:rail":5,"minecraft:cobblestone":2,"minecraft:sunflower":1},"minecraft:used":{"minecraft:diorite":4,"minecraft:oak_fence":29,"minecraft:water_bucket":25,"minecraft:nether_brick_fence":33,"minecraft:mossy_stone_bricks":4,"minecraft:iron_bars":8,"minecraft:cobblestone_stairs":21,"minecraft:flint_and_steel":1,"minecraft:armor_stand":10,"minecraft:powered_rail":10,"minecraft:redstone":171,"minecraft:polished_andesite":1,"minecraft:oak_planks":174,"minecraft:lime_wool":3,"minecraft:oak_sign":136,"minecraft:black_carpet":1,"minecraft:chest":2,"minecraft:stone":2284,"minecraft:iron_sword":13,"minecraft:redstone_block":93,"minecraft:cauldron":1,"minecraft:horse_spawn_egg":1,"minecraft:oak_door":2,"minecraft:cracked_stone_bricks":32,"minecraft:torch":141,"minecraft:jungle_wood":4,"minecraft:vine":12,"minecraft:anvil":2,"minecraft:dirt":5,"minecraft:rail":95,"minecraft:sand":4,"minecraft:comparator":2,"minecraft:white_carpet":288,"minecraft:oak_slab":7,"minecraft:crafting_table":1,"minecraft:red_bed":2,"minecraft:jungle_planks":17,"minecraft:stone_stairs":30,"minecraft:granite":74,"minecraft:dark_oak_door":15,"minecraft:milk_bucket":6,"minecraft:redstone_torch":2,"minecraft:oak_log":106,"minecraft:glass":159,"minecraft:sticky_piston":22,"minecraft:lava_bucket":266,"minecraft:command_block":420,"minecraft:sunflower":1,"minecraft:lantern":22,"minecraft:grass_block":124,"minecraft:oak_stairs":212,"minecraft:jungle_log":1,"minecraft:stone_button":21,"minecraft:green_wool":3,"minecraft:detector_rail":5,"minecraft:spruce_trapdoor":7,"minecraft:hopper_minecart":23,"minecraft:stone_brick_stairs":4,"minecraft:stone_bricks":342,"minecraft:stone_axe":1,"minecraft:bedrock":45,"minecraft:red_carpet":2,"minecraft:repeater":274,"minecraft:diamond_sword":4,"minecraft:snow":5,"minecraft:redstone_lamp":2,"minecraft:cobblestone":99,"minecraft:andesite":39,"minecraft:furnace":3,"minecraft:bucket":14,"minecraft:trapped_chest":2,"minecraft:repeating_command_block":10,"minecraft:minecart":20,"minecraft:chain_command_block":3,"minecraft:glass_pane":605,"minecraft:oak_boat":1,"minecraft:chest_minecart":7,"minecraft:stone_pressure_plate":67,"minecraft:splash_potion":7,"minecraft:cobweb":8},"minecraft:custom":{"minecraft:interact_with_furnace":1,"minecraft:mob_kills":6,"minecraft:interact_with_anvil":3,"minecraft:fill_cauldron":1,"minecraft:play_one_minute":1770323,"minecraft:leave_game":19,"minecraft:time_since_death":212492,"minecraft:climb_one_cm":6586,"minecraft:time_since_rest":212493,"minecraft:sprint_one_cm":335513,"minecraft:damage_taken":1900,"minecraft:walk_one_cm":674819,"minecraft:trigger_trapped_chest":16,"minecraft:drop":1,"minecraft:damage_dealt":1272,"minecraft:interact_with_beacon":1,"minecraft:swim_one_cm":1088,"minecraft:fly_one_cm":8450102,"minecraft:player_kills":1,"minecraft:open_chest":41,"minecraft:crouch_one_cm":14258,"minecraft:deaths":8,"minecraft:sneak_time":38928,"minecraft:walk_under_water_one_cm":25128,"minecraft:jump":2301,"minecraft:walk_on_water_one_cm":4007,"minecraft:fall_one_cm":18934,"minecraft:horse_one_cm":87605},"minecraft:dropped":{"minecraft:redstone":1}},"DataVersion":2230}