{"stats":{"minecraft:picked_up":{"minecraft:dark_oak_door":4,"minecraft:stick":1,"minecraft:spruce_door":1,"minecraft:lantern":60,"minecraft:wheat_seeds":1,"minecraft:oak_sapling":7},"minecraft:used":{"minecraft:oak_log":465,"minecraft:oak_trapdoor":2,"minecraft:oak_fence":36,"minecraft:glass":51,"minecraft:petrified_oak_slab":518,"minecraft:dark_oak_planks":234,"minecraft:dark_oak_stairs":416,"minecraft:water_bucket":49,"minecraft:end_rod":10,"minecraft:sea_lantern":46,"minecraft:nether_brick_wall":6,"minecraft:bricks":133,"minecraft:stripped_dark_oak_wood":1,"minecraft:birch_fence_gate":4,"minecraft:brick_wall":9,"minecraft:spruce_door":4,"minecraft:dark_oak_log":97,"minecraft:birch_slab":492,"minecraft:birch_planks":220,"minecraft:lantern":26,"minecraft:grass_block":41,"minecraft:oak_stairs":6,"minecraft:spruce_slab":56,"minecraft:oak_planks":117,"minecraft:ladder":5,"minecraft:polished_blackstone_brick_wall":2,"minecraft:spruce_planks":1098,"minecraft:dark_oak_leaves":12,"minecraft:dark_oak_slab":483,"minecraft:spruce_trapdoor":1,"minecraft:hopper_minecart":31,"minecraft:spruce_fence_gate":7,"minecraft:barrel":5,"minecraft:stone_bricks":8,"minecraft:oak_leaves":78,"minecraft:torch":2,"minecraft:dark_oak_trapdoor":24,"minecraft:dirt":6,"minecraft:redstone_lamp":8,"minecraft:rail":32,"minecraft:stripped_dark_oak_log":3,"minecraft:vine":1232,"minecraft:hay_block":9,"minecraft:oak_slab":419,"minecraft:oak_sapling":11,"minecraft:spruce_stairs":10,"minecraft:dark_oak_fence":257,"minecraft:jungle_planks":1,"minecraft:nether_bricks":11,"minecraft:nether_brick_slab":19,"minecraft:polished_diorite_stairs":6,"minecraft:glass_pane":12,"minecraft:sponge":70,"minecraft:dark_oak_fence_gate":52,"minecraft:coarse_dirt":17,"minecraft:stone_brick_wall":3,"minecraft:acacia_planks":1,"minecraft:spruce_fence":129,"minecraft:bone_meal":43,"minecraft:mossy_stone_brick_wall":148,"minecraft:spruce_log":50,"minecraft:nether_brick_stairs":115,"minecraft:birch_stairs":36,"minecraft:dark_oak_door":5,"minecraft:nether_gold_ore":26,"minecraft:polished_diorite":48,"minecraft:birch_fence":134},"minecraft:custom":{"minecraft:time_since_rest":593751,"minecraft:sprint_one_cm":172969,"minecraft:walk_one_cm":192861,"minecraft:swim_one_cm":9803,"minecraft:fly_one_cm":10049603,"minecraft:play_one_minute":593751,"minecraft:crouch_one_cm":1194,"minecraft:sneak_time":39733,"minecraft:walk_under_water_one_cm":392942,"minecraft:jump":525,"minecraft:leave_game":10,"minecraft:time_since_death":593751,"minecraft:walk_on_water_one_cm":44106,"minecraft:climb_one_cm":8515}},"DataVersion":2584}