{"stats":{"minecraft:custom":{"minecraft:time_since_rest":723809,"minecraft:sprint_one_cm":366826,"minecraft:walk_one_cm":307580,"minecraft:swim_one_cm":23283,"minecraft:fly_one_cm":12441760,"minecraft:play_one_minute":723809,"minecraft:crouch_one_cm":1390,"minecraft:sneak_time":46441,"minecraft:walk_under_water_one_cm":414237,"minecraft:jump":754,"minecraft:leave_game":15,"minecraft:time_since_death":723809,"minecraft:walk_on_water_one_cm":49371,"minecraft:climb_one_cm":20058},"minecraft:picked_up":{"minecraft:dark_oak_door":4,"minecraft:stick":1,"minecraft:spruce_door":1,"minecraft:lantern":140,"minecraft:wheat_seeds":1,"minecraft:oak_sapling":7},"minecraft:used":{"minecraft:oak_fence":36,"minecraft:oak_log":551,"minecraft:glass":51,"minecraft:oak_trapdoor":2,"minecraft:dark_oak_planks":286,"minecraft:dark_oak_stairs":416,"minecraft:petrified_oak_slab":518,"minecraft:water_bucket":49,"minecraft:end_rod":10,"minecraft:sea_lantern":46,"minecraft:nether_brick_wall":6,"minecraft:bricks":133,"minecraft:stripped_dark_oak_wood":1,"minecraft:birch_fence_gate":4,"minecraft:brick_wall":9,"minecraft:spruce_door":4,"minecraft:dark_oak_log":97,"minecraft:jungle_fence_gate":3,"minecraft:birch_slab":492,"minecraft:birch_planks":220,"minecraft:lantern":86,"minecraft:grass_block":41,"minecraft:oak_stairs":6,"minecraft:spruce_slab":56,"minecraft:oak_planks":153,"minecraft:ladder":5,"minecraft:polished_blackstone_brick_wall":2,"minecraft:spruce_planks":1098,"minecraft:dark_oak_leaves":12,"minecraft:dark_oak_slab":483,"minecraft:spruce_trapdoor":1,"minecraft:hopper_minecart":33,"minecraft:spruce_fence_gate":7,"minecraft:barrel":5,"minecraft:stone_bricks":8,"minecraft:oak_leaves":78,"minecraft:torch":2,"minecraft:dark_oak_trapdoor":24,"minecraft:dirt":6,"minecraft:redstone_lamp":8,"minecraft:rail":34,"minecraft:stripped_dark_oak_log":3,"minecraft:vine":1232,"minecraft:hay_block":9,"minecraft:oak_slab":419,"minecraft:spruce_stairs":10,"minecraft:oak_sapling":11,"minecraft:dark_oak_fence":354,"minecraft:jungle_planks":1,"minecraft:nether_bricks":11,"minecraft:glass_pane":12,"minecraft:nether_brick_slab":19,"minecraft:polished_diorite_stairs":6,"minecraft:sponge":70,"minecraft:dark_oak_fence_gate":52,"minecraft:oak_fence_gate":5,"minecraft:coarse_dirt":17,"minecraft:stone_brick_wall":3,"minecraft:acacia_planks":1,"minecraft:spruce_fence":129,"minecraft:spruce_log":191,"minecraft:mossy_stone_brick_wall":148,"minecraft:nether_brick_stairs":115,"minecraft:bone_meal":43,"minecraft:birch_stairs":36,"minecraft:dark_oak_door":5,"minecraft:nether_gold_ore":26,"minecraft:polished_diorite":48,"minecraft:birch_fence":185}},"DataVersion":2584}