{"stats":{"minecraft:used":{"minecraft:dark_oak_stairs":1067,"minecraft:nether_brick_fence":207,"minecraft:water_bucket":674,"minecraft:diorite":8,"minecraft:end_rod":151,"minecraft:nether_brick_wall":416,"minecraft:iron_bars":2548,"minecraft:granite_stairs":6,"minecraft:brick_wall":20,"minecraft:smooth_quartz_slab":85,"minecraft:gray_carpet":1285,"minecraft:polished_andesite":1115,"minecraft:oak_planks":3501,"minecraft:red_nether_bricks":542,"minecraft:ladder":18,"minecraft:andesite_slab":18,"minecraft:cactus":2,"minecraft:chest":37,"minecraft:black_glazed_terracotta":9,"minecraft:stone":554,"minecraft:jungle_pressure_plate":1,"minecraft:redstone_block":4,"minecraft:red_nether_brick_stairs":49,"minecraft:beacon":4,"minecraft:quartz_stairs":122,"minecraft:oak_door":8,"minecraft:cracked_stone_bricks":9,"minecraft:oak_leaves":1152,"minecraft:torch":126,"minecraft:jungle_wood":30,"minecraft:birch_pressure_plate":1,"minecraft:dirt":91,"minecraft:sand":36,"minecraft:rail":84,"minecraft:red_nether_brick_slab":24,"minecraft:white_carpet":27,"minecraft:jungle_planks":2331,"minecraft:nether_bricks":3017,"minecraft:cobblestone_wall":138,"minecraft:stone_stairs":15,"minecraft:stone_brick_wall":56,"minecraft:spruce_fence":3,"minecraft:granite":46,"minecraft:infested_stone_bricks":86,"minecraft:nether_brick_stairs":27,"minecraft:dark_oak_door":39,"minecraft:obsidian":2724,"minecraft:polished_diorite":1755,"minecraft:birch_door":8,"minecraft:glass":2367,"minecraft:dark_oak_planks":8243,"minecraft:cornflower":3,"minecraft:lava_bucket":932,"minecraft:bricks":3413,"minecraft:diamond_shovel":11,"minecraft:bookshelf":101,"minecraft:command_block":8,"minecraft:heavy_weighted_pressure_plate":34,"minecraft:lantern":516,"minecraft:iron_block":2696,"minecraft:grass_block":251,"minecraft:oak_stairs":238,"minecraft:birch_sapling":3,"minecraft:jungle_log":15,"minecraft:spruce_pressure_plate":13,"minecraft:jungle_stairs":68,"minecraft:dark_oak_leaves":3,"minecraft:stone_slab":708,"minecraft:dark_oak_slab":87,"minecraft:polished_granite":665,"minecraft:spruce_trapdoor":8,"minecraft:oak_pressure_plate":1,"minecraft:iron_door":59,"minecraft:hopper_minecart":72,"minecraft:diorite_wall":3,"minecraft:barrel":3,"minecraft:stone_bricks":3044,"minecraft:granite_slab":59,"minecraft:coal_block":7,"minecraft:glowstone":521,"minecraft:red_nether_brick_wall":134,"minecraft:redstone_lamp":10,"minecraft:magma_block":48,"minecraft:cobblestone":2791,"minecraft:brown_carpet":8,"minecraft:black_stained_glass":1,"minecraft:scaffolding":27,"minecraft:white_banner":5,"minecraft:dark_oak_fence":785,"minecraft:podzol":2,"minecraft:andesite":2,"minecraft:glass_pane":721,"minecraft:infested_cobblestone":1060,"minecraft:skeleton_skull":32,"minecraft:trapped_chest":3,"minecraft:granite_wall":13,"minecraft:white_concrete":16,"minecraft:coarse_dirt":208,"minecraft:bone_meal":9,"minecraft:diorite_slab":58},"minecraft:picked_up":{"minecraft:redstone_lamp":2,"minecraft:purple_stained_glass":1,"minecraft:white_banner":1,"minecraft:lantern":13,"minecraft:white_carpet":8,"minecraft:gray_carpet":60,"minecraft:wheat_seeds":26,"minecraft:orange_tulip":2,"minecraft:iron_ingot":1,"minecraft:rose_bush":1,"minecraft:scaffolding":3,"minecraft:torch":30,"minecraft:cactus":1,"minecraft:nether_bricks":1},"minecraft:custom":{"minecraft:open_barrel":2,"minecraft:play_one_minute":2033610,"minecraft:leave_game":26,"minecraft:time_since_death":2033610,"minecraft:climb_one_cm":10603,"minecraft:time_since_rest":2033610,"minecraft:sprint_one_cm":1478294,"minecraft:damage_taken":120,"minecraft:walk_one_cm":3075280,"minecraft:drop":2,"minecraft:damage_dealt":43,"minecraft:interact_with_beacon":2,"minecraft:fly_one_cm":22082898,"minecraft:open_chest":10,"minecraft:crouch_one_cm":36870,"minecraft:sneak_time":61390,"minecraft:aviate_one_cm":401132,"minecraft:jump":3190,"minecraft:walk_on_water_one_cm":2318,"minecraft:fall_one_cm":4612,"minecraft:inspect_dispenser":1},"minecraft:mined":{"minecraft:infested_cobblestone":1,"minecraft:redstone_lamp":1},"minecraft:dropped":{"minecraft:nether_bricks":1,"minecraft:redstone_lamp":1}},"DataVersion":2230}