{"stats":{"minecraft:used":{"minecraft:glass":2,"minecraft:lava_bucket":1579,"minecraft:firework_rocket":4,"minecraft:flint_and_steel":43,"minecraft:red_nether_bricks":212,"minecraft:armor_stand":3,"minecraft:grass_block":265,"minecraft:dispenser":2,"minecraft:polished_andesite":3,"minecraft:oak_sign":22,"minecraft:chest":16,"minecraft:spruce_planks":1,"minecraft:red_nether_brick_slab":15,"minecraft:purple_bed":1,"minecraft:red_nether_brick_stairs":39,"minecraft:gray_glazed_terracotta":3,"minecraft:magma_block":101,"minecraft:chiseled_stone_bricks":1794,"minecraft:bedrock":2,"minecraft:netherrack":2,"minecraft:red_nether_brick_wall":9,"minecraft:red_carpet":137,"minecraft:cobblestone":168,"minecraft:potion":24,"minecraft:infested_cracked_stone_bricks":3,"minecraft:jungle_planks":1,"minecraft:nether_bricks":285,"minecraft:trapped_chest":2,"minecraft:skeleton_skull":4,"minecraft:obsidian":41,"minecraft:splash_potion":6},"minecraft:dropped":{"minecraft:chiseled_stone_bricks":1,"minecraft:dispenser":1,"minecraft:skeleton_skull":1,"minecraft:purple_bed":1,"minecraft:obsidian":1,"minecraft:chest":1,"minecraft:potion":1,"minecraft:cobblestone":1,"minecraft:arrow":312,"minecraft:glass":1,"minecraft:command_block":1,"minecraft:magma_block":1,"minecraft:oak_sign":5,"minecraft:grass_block":1,"minecraft:netherrack":1,"minecraft:red_nether_brick_wall":2,"minecraft:red_carpet":3,"minecraft:purple_stained_glass":1,"minecraft:flint_and_steel":1,"minecraft:red_nether_brick_stairs":2,"minecraft:firework_rocket":1},"minecraft:mined":{"minecraft:purple_bed":1},"minecraft:picked_up":{"minecraft:lava_bucket":1,"minecraft:potion":1,"minecraft:elytra":1,"minecraft:red_nether_bricks":1,"minecraft:red_nether_brick_stairs":1,"minecraft:armor_stand":1,"minecraft:firework_rocket":64,"minecraft:red_carpet":2,"minecraft:arrow":248,"minecraft:command_block":1,"minecraft:oak_sign":3,"minecraft:wheat_seeds":2,"minecraft:nether_bricks":1,"minecraft:red_nether_brick_slab":1,"minecraft:obsidian":1},"minecraft:custom":{"minecraft:time_since_rest":35971,"minecraft:sprint_one_cm":71131,"minecraft:damage_taken":550,"minecraft:walk_one_cm":432856,"minecraft:trigger_trapped_chest":2,"minecraft:drop":33,"minecraft:swim_one_cm":10576,"minecraft:fly_one_cm":5014948,"minecraft:open_chest":7,"minecraft:play_one_minute":471762,"minecraft:crouch_one_cm":11989,"minecraft:deaths":2,"minecraft:sneak_time":13778,"minecraft:walk_under_water_one_cm":38035,"minecraft:aviate_one_cm":8938276,"minecraft:jump":565,"minecraft:leave_game":5,"minecraft:time_since_death":35919,"minecraft:walk_on_water_one_cm":6247,"minecraft:sleep_in_bed":1,"minecraft:climb_one_cm":3930,"minecraft:fall_one_cm":569,"minecraft:inspect_dispenser":1},"minecraft:killed_by":{"minecraft:player":1}},"DataVersion":2230}