{"stats":{"minecraft:custom":{"minecraft:interact_with_anvil":6,"minecraft:mob_kills":6,"minecraft:open_barrel":2,"minecraft:play_one_minute":2698625,"minecraft:leave_game":44,"minecraft:time_since_death":2698625,"minecraft:climb_one_cm":13283,"minecraft:time_since_rest":2698625,"minecraft:sprint_one_cm":1774062,"minecraft:damage_taken":120,"minecraft:walk_one_cm":3866095,"minecraft:drop":2,"minecraft:damage_dealt":593,"minecraft:interact_with_beacon":2,"minecraft:fly_one_cm":33011978,"minecraft:open_chest":10,"minecraft:crouch_one_cm":44766,"minecraft:sneak_time":104044,"minecraft:aviate_one_cm":401132,"minecraft:jump":3977,"minecraft:walk_on_water_one_cm":4834,"minecraft:inspect_dispenser":1,"minecraft:fall_one_cm":4612},"minecraft:picked_up":{"minecraft:bee_nest":1,"minecraft:ladder":2,"minecraft:redstone_lamp":2,"minecraft:leather":1,"minecraft:purple_stained_glass":1,"minecraft:white_banner":1,"minecraft:lantern":14,"minecraft:white_carpet":8,"minecraft:gray_carpet":60,"minecraft:apple":7,"minecraft:wheat_seeds":36,"minecraft:orange_tulip":2,"minecraft:beef":3,"minecraft:iron_ingot":1,"minecraft:rose_bush":1,"minecraft:birch_sapling":2,"minecraft:dark_oak_door":1,"minecraft:scaffolding":3,"minecraft:stick":50,"minecraft:torch":30,"minecraft:porkchop":2,"minecraft:cactus":1,"minecraft:nether_bricks":1,"minecraft:red_tulip":1,"minecraft:oak_sapling":75,"minecraft:mutton":1,"minecraft:white_wool":1},"minecraft:used":{"minecraft:mossy_stone_bricks":4,"minecraft:dark_oak_stairs":1068,"minecraft:petrified_oak_slab":17,"minecraft:nether_brick_fence":207,"minecraft:water_bucket":700,"minecraft:nether_brick_wall":416,"minecraft:diorite":8,"minecraft:end_rod":151,"minecraft:iron_bars":2548,"minecraft:granite_stairs":6,"minecraft:brick_wall":20,"minecraft:flint_and_steel":176,"minecraft:birch_planks":247,"minecraft:smooth_quartz_slab":85,"minecraft:birch_leaves":108,"minecraft:gray_carpet":1818,"minecraft:polished_andesite":1763,"minecraft:oak_planks":3921,"minecraft:red_nether_bricks":542,"minecraft:ladder":86,"minecraft:birch_wood":34,"minecraft:andesite_slab":18,"minecraft:cactus":2,"minecraft:chest":37,"minecraft:mossy_stone_brick_stairs":277,"minecraft:black_glazed_terracotta":9,"minecraft:stone":923,"minecraft:jungle_pressure_plate":1,"minecraft:redstone_block":4,"minecraft:red_nether_brick_stairs":49,"minecraft:beacon":4,"minecraft:quartz_stairs":122,"minecraft:oak_door":8,"minecraft:cracked_stone_bricks":9,"minecraft:oak_leaves":1743,"minecraft:mossy_cobblestone":1,"minecraft:anvil":1,"minecraft:torch":126,"minecraft:jungle_wood":30,"minecraft:birch_pressure_plate":1,"minecraft:dirt":127,"minecraft:red_nether_brick_slab":24,"minecraft:sand":36,"minecraft:rail":131,"minecraft:vine":203,"minecraft:white_carpet":27,"minecraft:oak_slab":2,"minecraft:nether_bricks":3017,"minecraft:jungle_planks":2331,"minecraft:cobblestone_wall":138,"minecraft:stone_stairs":115,"minecraft:oak_wood":295,"minecraft:acacia_sapling":113,"minecraft:stone_brick_wall":56,"minecraft:infested_stone_bricks":86,"minecraft:spruce_fence":46,"minecraft:granite":46,"minecraft:nether_brick_stairs":27,"minecraft:dark_oak_door":48,"minecraft:obsidian":2724,"minecraft:polished_diorite":1755,"minecraft:glass":2367,"minecraft:birch_door":8,"minecraft:oak_log":115,"minecraft:dark_oak_planks":8397,"minecraft:cornflower":3,"minecraft:lava_bucket":932,"minecraft:netherite_shovel":451,"minecraft:bricks":3413,"minecraft:diamond_shovel":11,"minecraft:bookshelf":101,"minecraft:birch_slab":287,"minecraft:command_block":8,"minecraft:heavy_weighted_pressure_plate":36,"minecraft:lantern":573,"minecraft:iron_block":4944,"minecraft:grass_block":1203,"minecraft:oak_stairs":250,"minecraft:birch_sapling":5,"minecraft:jungle_log":15,"minecraft:spruce_pressure_plate":13,"minecraft:jungle_stairs":68,"minecraft:dark_oak_leaves":7,"minecraft:stone_slab":708,"minecraft:dark_oak_slab":176,"minecraft:polished_granite":1089,"minecraft:spruce_trapdoor":8,"minecraft:oak_pressure_plate":1,"minecraft:iron_door":61,"minecraft:hopper_minecart":107,"minecraft:diorite_wall":3,"minecraft:barrel":3,"minecraft:stone_bricks":3044,"minecraft:granite_slab":59,"minecraft:diamond_sword":7,"minecraft:coal_block":7,"minecraft:glowstone":521,"minecraft:red_nether_brick_wall":134,"minecraft:redstone_lamp":10,"minecraft:magma_block":48,"minecraft:cobblestone":2793,"minecraft:brown_carpet":8,"minecraft:black_stained_glass":62,"minecraft:scaffolding":27,"minecraft:oak_sapling":52,"minecraft:white_banner":5,"minecraft:dark_oak_fence":1544,"minecraft:podzol":2,"minecraft:andesite":2,"minecraft:glass_pane":721,"minecraft:infested_cobblestone":1060,"minecraft:trapped_chest":3,"minecraft:skeleton_skull":32,"minecraft:granite_wall":13,"minecraft:stripped_oak_log":10,"minecraft:white_concrete":16,"minecraft:coarse_dirt":1688,"minecraft:diorite_slab":58,"minecraft:birch_stairs":151,"minecraft:bone_meal":479},"minecraft:killed":{"minecraft:wolf":1,"minecraft:pig":2,"minecraft:sheep":1,"minecraft:bee":1,"minecraft:cow":1},"minecraft:dropped":{"minecraft:nether_bricks":1,"minecraft:redstone_lamp":1},"minecraft:mined":{"minecraft:infested_cobblestone":1,"minecraft:redstone_lamp":1}},"DataVersion":2584}