{"stats":{"minecraft:mined":{"minecraft:sand":1,"minecraft:green_bed":2},"minecraft:used":{"minecraft:end_rod":20,"minecraft:orange_concrete":30,"minecraft:spruce_door":11,"minecraft:flint_and_steel":2,"minecraft:snow_block":7,"minecraft:birch_planks":1,"minecraft:red_concrete":57,"minecraft:spruce_slab":38,"minecraft:redstone":5,"minecraft:spruce_planks":382,"minecraft:brown_concrete":10,"minecraft:sandstone":3,"minecraft:stone":168,"minecraft:cauldron":7,"minecraft:spruce_sign":2,"minecraft:green_bed":3,"minecraft:green_terracotta":6,"minecraft:smooth_quartz_stairs":221,"minecraft:spruce_leaves":40,"minecraft:torch":481,"minecraft:brewing_stand":2,"minecraft:dirt":12,"minecraft:sand":1,"minecraft:rail":8,"minecraft:light_blue_concrete":32,"minecraft:oak_slab":1,"minecraft:hopper":5,"minecraft:spruce_stairs":279,"minecraft:blast_furnace":6,"minecraft:yellow_concrete":26,"minecraft:chiseled_quartz_block":9,"minecraft:gray_concrete":10,"minecraft:spruce_fence":23,"minecraft:blue_concrete":528,"minecraft:spruce_log":443,"minecraft:redstone_torch":3,"minecraft:glass":6,"minecraft:dark_oak_planks":128,"minecraft:stone_brick_slab":98,"minecraft:green_concrete":21,"minecraft:sea_lantern":4,"minecraft:black_concrete":46,"minecraft:quartz_pillar":17,"minecraft:command_block":7,"minecraft:light_gray_concrete":11,"minecraft:heavy_weighted_pressure_plate":3,"minecraft:iron_block":11,"minecraft:grass_block":39,"minecraft:brown_wool":5,"minecraft:stone_button":19,"minecraft:quartz_block":341,"minecraft:spruce_pressure_plate":3,"minecraft:cyan_concrete":2,"minecraft:magenta_concrete":6,"minecraft:stone_slab":2,"minecraft:spruce_trapdoor":16,"minecraft:smooth_quartz":248,"minecraft:iron_door":13,"minecraft:hopper_minecart":7,"minecraft:spruce_sapling":1,"minecraft:stone_brick_stairs":111,"minecraft:stone_bricks":407,"minecraft:bedrock":74,"minecraft:purple_concrete":39,"minecraft:glowstone":1,"minecraft:repeater":2,"minecraft:redstone_lamp":4,"minecraft:iron_trapdoor":3,"minecraft:furnace":1,"minecraft:andesite":4,"minecraft:glass_pane":200,"minecraft:trapped_chest":7,"minecraft:white_concrete":7,"minecraft:bone_meal":3},"minecraft:picked_up":{"minecraft:stone_slab":2,"minecraft:redstone_lamp":2,"minecraft:bedrock":1,"minecraft:flint_and_steel":2,"minecraft:stone_bricks":1,"minecraft:oak_sign":1,"minecraft:wheat_seeds":8,"minecraft:bucket":1,"minecraft:redstone_torch":1,"minecraft:spruce_pressure_plate":1,"minecraft:torch":2,"minecraft:sand":1,"minecraft:stone_button":28,"minecraft:redstone":1,"minecraft:spruce_door":1,"minecraft:spruce_sign":1},"minecraft:custom":{"minecraft:interact_with_furnace":1,"minecraft:inspect_hopper":1,"minecraft:play_one_minute":489003,"minecraft:leave_game":12,"minecraft:time_since_death":82073,"minecraft:climb_one_cm":273,"minecraft:time_since_rest":82393,"minecraft:sprint_one_cm":191383,"minecraft:open_enderchest":1,"minecraft:damage_taken":2670,"minecraft:walk_one_cm":388096,"minecraft:trigger_trapped_chest":26,"minecraft:damage_dealt":0,"minecraft:swim_one_cm":711,"minecraft:fly_one_cm":2695114,"minecraft:open_chest":14,"minecraft:crouch_one_cm":3548,"minecraft:deaths":5,"minecraft:sneak_time":10183,"minecraft:walk_under_water_one_cm":13736,"minecraft:jump":538,"minecraft:interact_with_blast_furnace":4,"minecraft:walk_on_water_one_cm":6144,"minecraft:fall_one_cm":26489}},"DataVersion":2230}